{
  "rules": [
    {
      "name": "core_ml_dl",
      "include": "\\b(machine learning|deep learning|neural network|transformer|bert|cnn|rnn|lstm|xgboost|random forest|svm|support vector|gradient boosting)\\b",
      "exclude": null
    },
    {
      "name": "core_llm",
      "include": "\\b(large language model|llm|chatgpt|gpt-?\\d*|generative ai)\\b",
      "exclude": null
    },
    {
      "name": "core_ai_phrase",
      "include": "\\b(artificial intelligence)\\b",
      "exclude": null
    },
    {
      "name": "core_nlp",
      "include": "\\b(natural language processing|nlp|text mining|topic model(ing)?|bert)\\b",
      "exclude": null
    },
    {
      "name": "core_cv",
      "include": "\\b(computer vision|image (analysis|classification|segmentation)|radiomics)\\b",
      "exclude": null
    },
    {
      "name": "core_prediction",
      "include": "\\b(predictive model|prediction model|risk model|classification model)\\b",
      "exclude": null
    }
  ]
}