{
  "npz": {
    "path": "D:\\12.17.幽门螺杆菌\\audit_bundle_20260104_1700\\files\\paper_evidence\\cache_doc_embeddings.npz",
    "keys": [
      "pmid",
      "emb"
    ],
    "emb_key": "emb",
    "id_key": "pmid"
  },
  "use_ai_core": 1,
  "n_ai": 151,
  "n_clinical": 12200,
  "n_control": 16770,
  "slice1": {
    "start": 2015,
    "end": 2019,
    "lift_top1": {
      "n": 33,
      "mean": -0.04973717440258373,
      "p90": -0.00016620159149169193,
      "p95": 0.021963310241699167,
      "share_pos": 0.12121212121212122
    },
    "lift_top50": {
      "n": 33,
      "mean": -0.04766528624476808,
      "p90": 0.06164445877075197,
      "p95": 0.08755478858947752,
      "share_pos": 0.24242424242424243
    }
  },
  "slice2": {
    "start": 2020,
    "end": 2025,
    "lift_top1": {
      "n": 108,
      "mean": -0.03964702840204592,
      "p90": 0.02588464021682736,
      "p95": 0.04838824272155761,
      "share_pos": 0.2037037037037037
    },
    "lift_top50": {
      "n": 108,
      "mean": -0.007868446133754871,
      "p90": 0.05488749742507934,
      "p95": 0.06813093423843382,
      "share_pos": 0.5
    }
  }
}