Topic,TopWords,Document_Count,Strength,Novelty_AvgYear,Heat_RecentRatio,Avg_Citations,HighCited_Count,Strength_Norm,Novelty_AvgYear_Norm,Heat_RecentRatio_Norm,Avg_Citations_Norm,HighCited_Count_Norm,Composite_Index,Frontier_Type,Frontier_Type_v2,Frontier_Type_v3
11,cancer; incidence; risk; gastric; mortality; gc; factors; intake; prevention; dietary,484,0.0158371781028107,2016.9669421487604,0.2334710743801653,77.33264462809917,29,0.3879539415411868,0.5443487872664913,0.3187325104223605,0.5700093108025118,1.0,0.5315230146094067,热点,热点,新兴
0,therapy; eradication; treatment; triple; sequential; regimens; rate; firstline; rates; regimen,1175,0.0384476947743856,2016.434042553192,0.185531914893617,40.502978723404254,15,1.0,0.4992761629162301,0.2468001092184579,0.2521939327624337,0.5172413793103449,0.5212195969969083,一般,一般,潜在
128,dual; va; vonoprazan; therapy; amoxicillin; vonoprazanamoxicillin; mg; eradication; adverse; day,96,0.0031412584666732,2022.3541666666667,0.6875,20.08333333333333,0,0.0442869796279893,1.0,1.0,0.0759860536064501,0.0,0.4631673392060163,热点,热点,热点
1,activity; against; compounds; extract; extracts; antibacterial; mic; gml; inhibitory; vitro,979,0.0320342920715945,2016.6751787538303,0.2288049029622063,36.869254341164456,7,0.8263950398582816,0.5196714521583774,0.3117309501505959,0.2208373222728508,0.2413793103448276,0.4544231366022326,热点,热点,新兴
73,microbiota; microbial; microbiome; gc; gastric; cancer; composition; bacteria; carcinogenesis; diversity,111,0.0036320801020909,2021.027027027027,0.4144144144144144,59.48648648648648,4,0.0575730735163861,0.8877505876618764,0.5902368311055378,0.4160089049607463,0.1379310344827586,0.4423980831624676,热点,热点,热点
3,gc; cancer; expression; tumor; gastric; cells; cell; progression; in; tissues,784,0.0256536108111645,2016.6390306122448,0.2104591836734693,41.18239795918368,11,0.6536758193091231,0.5166140439332604,0.2842033160747023,0.2580568662418115,0.3793103448275862,0.434322178011734,一般,一般,新兴
90,ai; images; learning; accuracy; intelligence; model; artificial; performance; models; machine,111,0.0036320801020909,2022.018018018018,0.5405405405405406,27.43243243243243,1,0.0575730735163861,0.971568562084904,0.7794882740588566,0.1394038623500379,0.0344827586206896,0.4328161200893182,热点,热点,热点
8,drug; nanoparticles; curcumin; release; delivery; chitosan; floating; microspheres; prepared; mucoadhesive,429,0.0140374987729459,2018.2867132867127,0.3286713286713286,41.27738927738928,9,0.3392382639503985,0.6559749720561087,0.4615798811257843,0.2588765777695827,0.3103448275862069,0.4204483774770354,热点,热点,热点
127,microbiome; nucleatum; cancer; microbiota; gut; colorectal; crc; cancers; microbial; fusobacterium,94,0.0030758155819508,2020.351063829788,0.3936170212765957,54.38297872340426,2,0.0425155004428697,0.8305776501758382,0.5590304761504694,0.3719690471664433,0.0689655172413793,0.4010018619506388,热点,热点,热点
9,resistance; antibiotic; metronidazole; clarithromycin; levofloxacin; tetracycline; isolates; susceptibility; strains; amoxicillin,572,0.0187166650305945,2017.152097902098,0.2237762237762237,46.08216783216783,8,0.4658990256864481,0.5600092527385381,0.3041854492989734,0.3003386023433964,0.2758620689655172,0.3988451918497387,热点,热点,新兴
85,cancers; virus; attributable; agents; cancer; hepatitis; infectious; see; infections; hpv,99,0.0032394227937567,2016.1313131313127,0.1616161616161616,127.16161616161617,5,0.0469441984056687,0.4736713217312127,0.2109146748830855,1.0,0.1724137931034483,0.3814631894257895,一般,一般,潜在
107,vonoprazan; vonoprazanbased; vpz; triple; therapy; eradication; vpzbased; ppibased; mg; firstline,108,0.0035339157750073,2020.8425925925928,0.4166666666666667,29.944444444444443,1,0.0549158547387068,0.8721511313109188,0.5936163211582757,0.1610808455001089,0.0344827586206896,0.3757167329333105,热点,热点,热点
48,microbiota; gut; diversity; abundance; microbiome; microbial; composition; 16s; sequencing; bacteria,230,0.0075259317430712,2020.034782608696,0.3304347826086956,34.92173913043478,2,0.1629760850310008,0.8038265984095255,0.4642259324434524,0.2040315688745297,0.0689655172413793,0.3718112837219625,热点,热点,热点
118,microbiota; gut; microbiome; composition; dysbiosis; logg; spp; microbial; diseases; bacteria,91,0.0029776512548673,2019.472527472528,0.2857142857142857,59.24175824175824,4,0.0398582816651904,0.7562710837267509,0.3971231138062331,0.4138970639297507,0.1379310344827586,0.3680960208633534,热点,热点,热点
5,prevalence; infection; age; among; pylori; seroprevalence; population; years; in; participants,544,0.0178004646444815,2015.6433823529408,0.1875,44.10845588235294,12,0.4410983170947741,0.4324021579612228,0.2497532082922013,0.2833067886121543,0.4137931034482758,0.3674057437524816,一般,一般,一般
71,detection; dna; lamp; electrochemical; sensor; amplification; biosensor; limit; nucleic; sensitive,131,0.0042865089493144,2019.2213740458008,0.3969465648854962,36.96183206106871,2,0.0752878653675819,0.7350285379428335,0.5640264349713269,0.2216362060619569,0.0689655172413793,0.3578572413709421,热点,热点,热点
38,quadruple; bismuth; therapy; mg; bqt; day; eradication; adverse; bismuthcontaining; firstline,301,0.0098491541507149,2019.5348837209303,0.3588039867109635,21.132890365448507,1,0.2258635961027457,0.7615451724735375,0.5067937411655128,0.0850430286493268,0.0344827586206896,0.3571304709452165,热点,热点,热点
102,omvs; vesicles; outer; membrane; evs; omv; cells; pyloriderived; extracellular; host,89,0.0029122083701449,2019.426966292135,0.3820224719101123,43.93258426966292,1,0.0380868024800708,0.7524175210934492,0.5416329292234656,0.281789134251177,0.0344827586206896,0.3557010794609848,热点,热点,热点
146,microbiota; microbial; carcinogenesis; gastric; gc; microbiome; cancer; diversity; dysbiosis; bacteria,54,0.0017669578875036,2020.388888888889,0.3148148148148148,46.5,0,0.0070859167404782,0.8337768920106761,0.440788270995576,0.3039442144258008,0.0,0.347713875343581,热点,热点,热点
17,expression; cells; cancer; gastric; gc; signaling; carcinogenesis; cell; pathway; proliferation,417,0.0136448414646117,2017.8249400479613,0.2757793764988009,32.81534772182254,2,0.3286093888396811,0.6169182118364972,0.3822158462765818,0.1858548201752391,0.0689655172413793,0.3455655065548433,热点,热点,热点
83,nafld; liver; fatty; nonalcoholic; masld; metabolic; steatosis; disease; infection; fibrosis,97,0.0031739799090343,2020.4639175257728,0.3711340206185567,26.36082474226804,0,0.0451727192205491,0.8401228108177451,0.5252948779271531,0.1301566048798898,0.0,0.3415861818975957,热点,热点,热点
65,probiotics; probiotic; diarrhea; bowel; prevention; antibioticassociated; gastrointestinal; health; microbiota; lactobacillus,125,0.0040901802951474,2015.808,0.2,86.344,8,0.0699734278122231,0.4463255113077097,0.2685093780848963,0.6477712791457834,0.2758620689655172,0.3386740366597015,一般,一般,新兴
27,cancer; eradication; gastric; after; incidence; risk; prevention; gc; years; early,277,0.0090638395340466,2017.1444043321296,0.2129963898916967,48.36101083032491,8,0.2046058458813108,0.5593585309290889,0.2880103777249546,0.3200034928918863,0.2758620689655172,0.338535851756866,一般,新兴,新兴
72,ad; dementia; alzheimers; cognitive; brain; neurodegenerative; disease; tau; between; impairment,112,0.003664801544452,2018.9732142857144,0.3482142857142857,37.767857142857146,0,0.0584588131089459,0.7140391963515271,0.490903962769708,0.2285916632942128,0.0,0.3262525555698883,热点,热点,热点
100,pd; parkinsons; levodopa; motor; parkinsonism; disease; pdl1; fluctuations; ip; ldopa,87,0.0028467654854225,2017.8275862068965,0.2298850574712643,67.13793103448276,3,0.0363153232949512,0.6171420238427942,0.3133517150605348,0.4820357526619126,0.1034482758620689,0.325418472327594,热点,热点,新兴
68,host; virulence; bacterial; factors; pathogenesis; human; colonization; pylori; proteins; that,313,0.0102418114590491,2014.6134185303515,0.1405750798722044,67.79872204472844,11,0.2364924712134632,0.3452878631560331,0.1793426667381547,0.4877379370170507,0.3793103448275862,0.3191988353021042,一般,一般,一般
131,screening; cancer; gc; abc; gastric; highrisk; risk; for; endoscopic; endoscopy,121,0.0039592945257026,2018.3305785123969,0.2809917355371901,38.34710743801653,4,0.066430469441984,0.6596850909147095,0.390036957568143,0.2335902058281661,0.1379310344827586,0.3151600882676699,热点,热点,热点
74,biofilm; biofilms; formation; planktonic; ability; biofilmforming; that; resistance; microscopy; strains,110,0.0035993586597297,2018.636363636364,0.3181818181818182,39.70909090909091,0,0.0566873339238263,0.6855483832479614,0.4458404379431032,0.2453432120287644,0.0,0.3132820041386107,热点,热点,热点
79,aig; autoimmune; gastritis; atrophic; parietal; atrophy; aag; neuroendocrine; patients; anemia,151,0.004940937796538,2018.4900662251653,0.3245033112582781,31.60264900662252,1,0.0930026572187776,0.673174554644627,0.4553257977419375,0.1753900415476686,0.0344827586206896,0.3120290181596786,热点,热点,热点
15,cancer; gastric; gc; risk; infection; survival; patients; noncardia; pylori; ci,450,0.0147246490625306,2015.56,0.1755555555555555,39.266666666666666,7,0.3578387953941541,0.4253496822175482,0.2318306460458483,0.2415253867945085,0.2413793103448276,0.3109844095460644,一般,一般,一般
2,lymphoma; malt; lymphomas; lymphoid; mucosaassociated; tissue; bcell; remission; marginal; extranodal,837,0.027387847256307,2014.1338112305853,0.1146953405017921,24.678614097968936,5,0.7006200177147919,0.304722698840371,0.140510283872383,0.11564025240348,0.1724137931034483,0.3099640548965692,一般,一般,一般
125,autophagy; autophagic; cells; intracellular; autophagyrelated; lysosomal; vaca; atg16l1; autophagosomes; apoptosis,71,0.0023232224076437,2018.9295774647887,0.2816901408450704,44.23943661971831,0,0.0221434898139946,0.71034839595729,0.3910849102512408,0.2844370647506744,0.0,0.3079099707294225,热点,热点,热点
96,esd; egc; endoscopic; submucosal; dissection; resection; metachronous; early; lesion; recurrence,135,0.0044173947187592,2019.3777777777773,0.3259259259259259,15.651851851851852,0,0.078830823737821,0.7482571587129853,0.457460421922416,0.0377453330427834,0.0,0.2962373899981774,热点,热点,热点
156,vitamin; d3; vdr; ngml; vdp1; ohd; vd3; deficiency; vitd3; levels,46,0.0015051863486142,2019.5652173913045,0.3043478260869565,25.195652173913043,0,0.0,0.7641107929793461,0.4250826215717412,0.1201019451050242,0.0,0.2910800919308396,热点,热点,热点
49,gim; metaplasia; intestinal; im; olga; risk; gastric; surveillance; olgim; cancer,165,0.0053990379895945,2017.636363636364,0.2363636363636363,34.345454545454544,3,0.1054030115146146,0.6009684272392617,0.3230727811181907,0.1990586184353889,0.1034482758620689,0.2854882485287426,热点,热点,新兴
104,mir; mirnas; gc; mirna; expression; cancer; micrornas; gastric; lncrna; biomarkers,83,0.0027158797159778,2017.7710843373493,0.180722891566265,56.60240963855421,1,0.0327723649247121,0.612363098202081,0.2395842005732703,0.3911212511847345,0.0344827586206896,0.2820107790070529,一般,新兴,潜在
44,urease; inhibitors; inhibition; ic50; compounds; docking; activity; inhibitory; derivatives; ureases,188,0.0061516311639017,2017.7659574468084,0.2712765957446808,29.611702127659573,0,0.1257750221434898,0.6119294660256744,0.3754594526474973,0.1582095019078925,0.0,0.2810747362394762,热点,热点,热点
43,probiotics; probiotic; eradication; lactobacillus; effects; supplementation; therapy; side; placebo; reuteri,225,0.0073623245312653,2016.8,0.2088888888888889,47.51111111111111,0,0.1585473870682019,0.5302288276683367,0.2818470988263683,0.31266942689039,0.0,0.2800007776514184,一般,一般,新兴
46,mir; mirnas; mirna; expression; micrornas; mir146a; gc; mir5p; mir3p; microrna,180,0.0058898596250122,2018.25,0.2055555555555555,35.50555555555555,0,0.1186891054030114,0.6528697638809551,0.2768454535483163,0.2090695140553497,0.0,0.2795810639423611,一般,新兴,新兴
138,lesions; precancerous; dysplasia; premalignant; gastric; surveillance; metaplasia; endoscopic; cancer; intestinal,103,0.0033703085632014,2016.8543689320388,0.203883495145631,51.01941747572816,4,0.0504871567759078,0.5348273495484241,0.2743365376321413,0.3429437637914218,0.1379310344827586,0.2793914945497256,一般,一般,新兴
101,bmi; obesity; cholesterol; body; mass; metabolic; lipoprotein; lipid; index; hdlc,132,0.0043192303916756,2017.689393939394,0.2803030303030303,30.99242424242424,1,0.0761736049601417,0.6054537279366887,0.3890035597834215,0.1701242100675528,0.0344827586206896,0.2777019493938827,热点,热点,热点
7,vaccine; vaccines; mice; against; recombinant; immunization; vaccination; protection; immune; adjuvant,519,0.016982428585452,2014.936416184971,0.1888246628131021,27.77263969171484,2,0.4189548272807794,0.3726069905746623,0.2517408563434503,0.1423396234020282,0.0689655172413793,0.2735870479667978,一般,一般,一般
57,ibd; uc; ibs; colitis; bowel; cd; disease; inflammatory; crohns; ulcerative,156,0.0051045450083439,2017.6410256410256,0.2307692307692307,33.58974358974359,1,0.0974313551815766,0.6013627393884772,0.3146784114207608,0.1925373384514809,0.0344827586206896,0.2712853594388593,热点,热点,新兴
144,metachronous; resection; esd; after; endoscopic; eradication; group; cancer; early; mgc,61,0.0019960079840319,2016.655737704918,0.180327868852459,62.885245901639344,2,0.0132860938883968,0.5180271290965918,0.2389914715259009,0.4453379249738326,0.0689655172413793,0.2697192247367445,一般,一般,潜在
97,ppis; ppi; pump; proton; inhibitors; use; acid; indications; longterm; pcabs,120,0.0039265730833415,2015.3833333333328,0.2166666666666666,56.05,4,0.0655447298494242,0.4104072233226915,0.2935176044751563,0.3863543255611243,0.1379310344827586,0.264927777228038,一般,一般,一般
63,colorectal; crc; adenoma; polyps; adenomas; risk; colon; ci; colonoscopy; association,141,0.0046137233729262,2017.77304964539,0.2624113475177305,26.56737588652482,0,0.0841452612931797,0.6125293238697138,0.3621572045675719,0.1319390030739557,0.0,0.2639118111151849,热点,热点,热点
87,pancreatic; pancreatitis; cancer; risk; pc; aip; association; studies; autoimmune; pancreas,91,0.0029776512548673,2015.604395604396,0.1318681318681318,72.02197802197803,3,0.0398582816651904,0.4291046604843188,0.1662779471269106,0.5241818107801982,0.1034482758620689,0.2599246187555049,一般,一般,一般
34,species; suis; spp; dogs; helicobacter; cats; humans; animals; heilmannii; pigs,232,0.0075913746277935,2015.1077586206893,0.146551724137931,58.06896551724138,2,0.1647475642161204,0.3870991262501794,0.188310583109235,0.4037766473050247,0.0689655172413793,0.2554011074169219,一般,一般,一般
60,lactobacillus; plantarum; probiotic; lactobacilli; strains; lab; activity; strain; lactic; acidophilus,164,0.0053663165472334,2017.0975609756097,0.2439024390243902,29.98170731707317,0,0.1045172719220549,0.5553965218953119,0.3343847061372884,0.1614023991623659,0.0,0.2550075945938601,热点,热点,热点
132,resistance; children; metronidazole; antibiotic; clarithromycin; strains; amoxicillin; susceptibility; pediatric; rates,65,0.0021268937534766,2017.2,0.2769230769230769,31.630769230769232,1,0.0168290522586359,0.5640608100718242,0.3839319614245576,0.1756327002698761,0.0344827586206896,0.2539744680771049,热点,热点,热点
115,esophageal; adenocarcinoma; squamous; oesophageal; escc; eac; junction; carcinoma; incidence; esophagus,121,0.0039592945257026,2014.785123966942,0.1487603305785124,57.19834710743802,7,0.066430469441984,0.359810701429323,0.1916245829016178,0.3962637928643594,0.2413793103448276,0.2490568654487886,一般,一般,一般
145,gastrectomy; sleeve; lsg; laparoscopic; postoperative; preoperative; specimens; findings; surgery; histopathologic,87,0.0028467654854225,2018.4597701149423,0.2528735632183908,16.873563218390803,0,0.0363153232949512,0.6706121109747365,0.3478458204264106,0.0482878848220256,0.0,0.2480322219056275,热点,热点,热点
80,atrophic; cag; gastritis; chronic; ag; gastropanel; atrophy; pepsinogen; diagnosis; gastric,142,0.0046464448152874,2016.8521126760563,0.2676056338028169,24.183098591549296,1,0.0850310008857395,0.5346365155166798,0.3699511978087676,0.1113642850785251,0.0344827586206896,0.2477034828700214,热点,热点,热点
29,polyps; gland; hyperplastic; fundic; polyp; polyposis; fgps; endoscopic; gastric; case,235,0.0076895389548771,2017.127659574468,0.2042553191489361,19.19148936170213,1,0.1674047829937998,0.557942260062673,0.2748944571632605,0.0682900367669218,0.0344827586206896,0.2455188612423049,新兴,新兴,新兴
20,endoscopic; gastritis; endoscopy; lci; nodular; imaging; findings; color; wli; nodularity,358,0.0117142763653021,2016.6396648044688,0.1871508379888268,15.558659217877096,0,0.2763507528786536,0.5166676838837032,0.2492292929348635,0.0369411429566208,0.0,0.2450614791816198,一般,一般,新兴
105,intake; dietary; alcohol; consumption; salt; infection; risk; food; association; diet,122,0.0039920159680638,2017.450819672131,0.2377049180327868,25.21311475409836,0,0.0673162090345438,0.5852751269067809,0.3250853656563041,0.1202526354897134,0.0,0.2438890613563995,热点,热点,热点
142,immune; innate; responses; response; macrophages; host; cells; immunity; mice; inflammatory,180,0.0058898596250122,2016.35,0.2166666666666666,35.28888888888889,0,0.1186891054030114,0.4921678474644179,0.2935176044751563,0.2071998256700806,0.0,0.2437280353465152,一般,一般,新兴
31,pud; peptic; ulcer; ulcers; disease; nonsteroidal; antiinflammatory; of; patients; the,251,0.008213082032656,2014.980079681275,0.1593625498007968,38.52191235059761,5,0.1815766164747564,0.3763000471712328,0.207533144814621,0.2350986552808161,0.1724137931034483,0.242627623406789,一般,一般,一般
62,surgery; bariatric; preoperative; bypass; egd; rouxeny; findings; mu; surgical; patients,129,0.0042210660645921,2017.2170542635656,0.2558139534883721,22.6124031007752,0,0.0735163861824623,0.56550325893398,0.3522578571592552,0.0978102337743947,0.0,0.2416303330455264,热点,热点,热点
114,thyroid; lt4; hypothyroidism; levothyroxine; tsh; autoimmune; thyroiditis; absorption; thyroxine; hashimotos,68,0.0022250580805601,2016.9117647058824,0.2352941176470588,31.86764705882353,1,0.0194862710363153,0.5396818815752019,0.3214679751466233,0.1776767974568341,0.0344827586206896,0.2367901235491227,热点,热点,新兴
150,virus; pathogens; cmv; infections; infectious; gondii; herpes; cytomegalovirus; toxoplasma; simplex,90,0.0029449298125061,2016.9555555555555,0.2444444444444444,29.377777777777776,0,0.0389725420726306,0.5433857097141352,0.3351979817922562,0.1561908912617127,0.0,0.2360440895244616,热点,热点,热点
18,lps; lewis; baba; fl; lipid; lipopolysaccharide; binding; synthesis; glycosylation; biosynthesis,359,0.0117469978076633,2014.278551532033,0.128133704735376,40.05849582172702,3,0.2772364924712134,0.3169648271695188,0.1606744631764773,0.2483583426760492,0.1034482758620689,0.2342866908462733,一般,一般,一般
16,oral; dental; plaque; cavity; periodontal; periodontitis; saliva; halitosis; pylori; teeth,316,0.0103399757861326,2015.632911392405,0.180379746835443,24.787974683544306,1,0.2391496899911426,0.4315165245797048,0.239069314106489,0.1165839610957407,0.0344827586206896,0.2338365199105683,一般,一般,一般
140,bariatric; surgery; hp; preoperative; de; undergoing; bypass; obese; rygb; obesity,55,0.0017996793298648,2017.6,0.2909090909090909,15.854545454545455,0,0.007971656333038,0.5978927924752926,0.4049178856681324,0.03949444323382,0.0,0.2334650524725366,热点,热点,热点
37,diabetes; diabetic; insulin; mellitus; dm; t2dm; type; glucose; hba1c; infection,212,0.00693694578057,2016.3584905660373,0.2122641509433962,25.09433962264151,0,0.1470327723649247,0.492885979166387,0.2869116578815027,0.1192276855647425,0.0,0.2323993732525445,一般,一般,新兴
13,resistance; clarithromycin; mutations; 23s; mutation; rrna; a2143g; strains; point; isolates,380,0.0124341480972481,2015.565789473684,0.1473684210526315,25.56842105263157,0,0.2958370239149689,0.4258393556470728,0.1895360315893385,0.1233186911493158,0.0,0.2323899891343924,一般,一般,一般
4,children; infection; prevalence; age; years; pylori; childhood; in; pediatric; was,539,0.0176368574326756,2013.8163265306123,0.1187384044526901,23.27829313543599,3,0.4366696191319752,0.2778698568832031,0.1465768753880444,0.1035564192990336,0.1034482758620689,0.2314913939911419,一般,一般,一般
88,t4ss; secretion; cag; iv; cagl; type; caga; translocation; system; host,171,0.0055953666437616,2014.8538011695907,0.1052631578947368,57.22222222222222,3,0.1107174490699734,0.365619416208141,0.1263573543928924,0.3964698191327086,0.1034482758620689,0.2288337506133397,一般,一般,一般
153,screening; costeffectiveness; cost; costs; strategy; costeffective; qaly; qalys; per; incremental,62,0.0020287294263931,2017.6129032258063,0.1935483870967742,28.951612903225808,0,0.0141718334809565,0.5989841467463716,0.2588287743209247,0.1525133734948228,0.0,0.2279480623928979,新兴,新兴,新兴
112,ppi; ppis; pump; proton; use; longterm; inhibitors; inhibitor; gastrin; users,89,0.0029122083701449,2016.1797752808989,0.2022471910112359,37.89887640449438,1,0.0380868024800708,0.4777702482112584,0.271881273777965,0.2297222718714267,0.0344827586206896,0.2263315340866505,一般,一般,新兴
12,gastritis; atrophy; chronic; gastric; mucosa; atrophic; corpus; patients; with; in,525,0.0171787572396191,2014.3238095238096,0.1333333333333333,18.67238095238095,1,0.4242692648361381,0.3207927461229941,0.1684764725238565,0.0638104784733679,0.0344827586206896,0.2261522797168131,一般,一般,一般
81,ebv; epsteinbarr; virus; ebvagc; coinfection; gc; ebvassociated; gastric; cancer; ebvpositive,103,0.0033703085632014,2017.533980582524,0.1844660194174757,24.689320388349515,0,0.0504871567759078,0.5923088730494802,0.2452007398959161,0.1157326405270518,0.0,0.2250720385344627,新兴,新兴,潜在
19,test; tests; detection; pcr; diagnostic; sensitivity; specificity; noninvasive; culture; diagnosis,392,0.0128268054055822,2014.8622448979595,0.1275510204081632,25.02551020408164,2,0.3064658990256864,0.3663335863821022,0.1598001490823377,0.1186337337288369,0.0689655172413793,0.223293279468363,一般,一般,一般
25,genome; genes; strains; genomes; sequences; genetic; genomic; diversity; sequence; isolates,340,0.0111252904028009,2014.4117647058824,0.0911764705882352,36.77058823529412,4,0.2604074402125775,0.3282319915534526,0.1052203704779048,0.2199858997859331,0.1379310344827586,0.2215275004307055,一般,一般,一般
14,dyspepsia; fd; functional; symptoms; rome; dyspeptic; epigastric; pain; patients; symptom,324,0.010601747325022,2014.280864197531,0.1080246913580246,34.175925925925924,5,0.2462356067316209,0.3171604323155673,0.1305010176349432,0.1975956998619887,0.1724137931034483,0.2210452374365143,一般,一般,一般
22,cells; epithelial; apoptosis; expression; cell; ags; activation; pyloriinduced; gastric; by,574,0.0187821079153169,2013.337979094077,0.0871080139372822,29.695121951219512,1,0.4676705048715677,0.2374112517441466,0.0991156773787453,0.1589293591780982,0.0344827586206896,0.2205980813849214,一般,一般,一般
52,caga; phosphorylation; cells; tyrosine; cell; epithelial; protein; kinase; host; that,202,0.0066097313569582,2013.8960396039604,0.0841584158415841,57.63861386138614,5,0.1381753764393268,0.2846119851203039,0.0946898243624954,0.4000630004164068,0.1724137931034483,0.2196577187526892,一般,一般,一般
28,gastritis; abdominal; pain; symptoms; gastrointestinal; chronic; dgr; disease; children; disorders,292,0.0095546611694643,2014.97602739726,0.1917808219178082,23.89383561643836,1,0.2178919397697076,0.3759573051675319,0.2561765541116174,0.1088681391176637,0.0344827586206896,0.2173876172796993,一般,一般,一般
6,caga; vaca; strains; genotypes; epiya; gene; isolates; virulence; motifs; baba2,552,0.0180622361833709,2013.5307971014493,0.0778985507246376,25.443840579710145,2,0.4481842338352524,0.2537197903254045,0.0852969369214701,0.1222436450112272,0.0689655172413793,0.2150560177001361,一般,一般,一般
141,eoe; eosinophilic; eosinophils; eosinophilia; eosinophil; esophagitis; esophageal; mast; allergic; egids,64,0.0020941723111154,2016.046875,0.140625,46.40625,1,0.0159433126660761,0.4665295482992885,0.1794175715695952,0.3031352146437132,0.0344827586206896,0.2142616679940888,一般,一般,潜在
149,itp; thrombocytopenia; platelet; count; immune; secondary; platelets; counts; de; patients,85,0.0027813226007002,2017.5529411764703,0.2117647058823529,15.08235294117647,0,0.0345438441098317,0.5939125592513573,0.2861622437721386,0.032830938433338,0.0,0.2140067408236072,新兴,一般,新兴
51,il; cells; cd4; th17; mice; expression; il17a; treg; cytokines; response,311,0.0101763685743267,2014.6302250803856,0.1157556270096463,34.91318327974277,1,0.2347209920283436,0.3467093604185913,0.1421012369740003,0.2039577376068453,0.0344827586206896,0.2099059653120421,衰退,衰退,一般
113,dna; damage; repair; oxidative; cells; breaks; muty; stress; ros; carcinogenesis,144,0.0047118877000098,2014.0277777777776,0.125,54.4375,3,0.0868024800708591,0.2957543940664494,0.1559723593287265,0.3724395293092176,0.1034482758620689,0.2076666188495798,衰退,衰退,一般
33,pg; pepsinogen; serum; levels; ratio; pgi; iii; ii; pgii; gastrin,275,0.0089983966493243,2015.3672727272728,0.1381818181818181,24.62181818181818,1,0.2028343666961913,0.4090488179685944,0.1757515929282957,0.1151501416430594,0.0344827586206896,0.2072253775126388,衰退,衰退,一般
30,research; pylori; is; diseases; helicobacter; disease; infection; the; of; and,254,0.0083112463597395,2014.547244094488,0.1417322834645669,30.787401574803148,3,0.1842338352524357,0.339690832281812,0.1810790433032001,0.1683550016043156,0.1034482758620689,0.2069145663138705,衰退,衰退,一般
136,rosacea; skin; sibo; demodex; cutaneous; facial; folliculorum; pustules; flushing; papules,51,0.0016687935604201,2015.6470588235293,0.1568627450980392,47.1764705882353,0,0.0044286979627989,0.4327131136818475,0.2037822038983411,0.3097817030494917,0.0,0.2047209613543893,一般,一般,潜在
108,bismuth; cbs; complexes; bismuthiii; drugs; compounds; bi; activity; biiii; subcitrate,77,0.0025195510618108,2015.584415584416,0.1428571428571428,44.79220779220779,0,0.0274579273693534,0.4274147512733541,0.182766887604005,0.2892071101702829,0.0,0.2007266274667223,衰退,衰退,一般
67,proteinprotein; prediction; network; ppis; interactions; networks; protein; method; datasets; proposed,112,0.003664801544452,2014.455357142857,0.0714285714285714,58.4375,3,0.0584588131089459,0.3319190379550828,0.0755887745028909,0.4069568533449553,0.1034482758620689,0.2005546034774125,衰退,衰退,一般
147,ppi; triple; therapy; eradication; proton; pump; day; ppibased; ppis; inhibitor,67,0.002192336638199,2015.6567164179105,0.2238805970149253,29.22388059701493,0,0.0186005314437555,0.4335299525897421,0.3043420606739255,0.1548628615475683,0.0,0.1984655585492914,一般,一般,新兴
116,rifabutin; rifabutinbased; rifaximin; rescue; mg; therapy; regimen; eradication; triple; amoxicillin,67,0.002192336638199,2015.402985074627,0.208955223880597,34.38805970149254,0,0.0186005314437555,0.4120693667367901,0.2819466340557822,0.199426272429528,0.0,0.1973769640007332,一般,一般,一般
117,iron; anemia; ida; de; deficiency; les; et; anaemia; la; des,82,0.0026831582736167,2015.280487804878,0.2073170731707317,30.48780487804878,1,0.0318866253321523,0.4017085530502407,0.2794885994269616,0.1657696825388389,0.0344827586206896,0.1958309424001267,一般,一般,一般
122,ms; sclerosis; ssc; systemic; multiple; nmosd; igg; csf; controls; autoimmune,72,0.0023559438500049,2016.361111111111,0.1666666666666666,28.08333333333333,0,0.0230292294065544,0.493107624753409,0.2184929253043764,0.1450207016779254,0.0,0.195077591443706,一般,一般,潜在
99,flagellar; motility; flagella; motor; flagellum; mutant; assembly; proteins; export; flha,110,0.0035993586597297,2014.7818181818184,0.1636363636363636,37.54545454545455,2,0.0566873339238263,0.3595310982689622,0.2139459750516018,0.226672477663979,0.0689655172413793,0.1948950472040178,一般,一般,一般
75,cd; celiac; disease; intraepithelial; duodenal; lymphocytic; lymphocytosis; coeliac; villous; patients,131,0.0042865089493144,2016.145038167939,0.1145038167938931,28.7175572519084,1,0.0752878653675819,0.474832184725243,0.1402229037776086,0.1504936298050931,0.0344827586206896,0.1932054521874137,一般,一般,潜在
21,liver; gallbladder; cirrhosis; biliary; bile; portal; hepatitis; cholecystitis; gallstones; hepatic,286,0.0093583325152972,2014.3076923076924,0.1363636363636363,24.821678321678323,2,0.2125775022143489,0.3194295526928178,0.173023422776631,0.1168748009454045,0.0689655172413793,0.1924270579773248,衰退,衰退,一般
84,bleeding; ugib; upper; nonvariceal; gastrointestinal; gib; mortality; management; rebleeding; acute,98,0.0032067013513955,2015.2244897959183,0.1122448979591836,40.94897959183673,2,0.0460584588131089,0.3969722439158541,0.1368334105606704,0.2560426218864097,0.0689655172413793,0.1918699073787726,衰退,衰退,一般
78,asthma; allergic; allergy; atopy; ige; atopic; children; airway; childhood; inverse,103,0.0033703085632014,2014.7281553398057,0.1262135922330097,39.49514563106796,3,0.0504871567759078,0.3549922974522624,0.1577933466872406,0.2434970074069059,0.1034482758620689,0.1892780162536022,衰退,衰退,一般
124,peptides; peptide; antimicrobial; activity; against; hpa3; cathelicidin; antiadhesive; hpa3nt3; amps,88,0.0028794869277837,2015.386363636364,0.2045454545454545,27.227272727272727,0,0.037201062887511,0.4106635262196873,0.2753298034640581,0.1376334713445194,0.0,0.1882650038107471,一般,一般,一般
58,dupa; virulence; strains; genes; genotypes; vaca; hopq; caga; gene; from,230,0.0075259317430712,2015.004347826087,0.1043478260869565,26.139130434782608,2,0.1629760850310008,0.3783526457918564,0.1249839048886218,0.1282435313178015,0.0689655172413793,0.1878238195747495,衰退,衰退,一般
103,methylation; cpg; hypermethylation; dna; epigenetic; promoter; genes; methylated; aberrant; gastric,107,0.0035011943326461,2014.5981308411208,0.1121495327102803,44.8411214953271,2,0.054030115146147,0.343994831073482,0.1366903156166102,0.2896292027053722,0.0689655172413793,0.1873181651719079,衰退,衰退,一般
54,enzyme; catalytic; structure; crystal; binding; substrate; inhibitors; enzymes; site; structural,260,0.0085075750139066,2013.873076923077,0.1115384615384615,31.57692307692308,3,0.1895482728077945,0.2826698025813409,0.1357734072442858,0.1751680439847796,0.1034482758620689,0.1867613685671479,衰退,衰退,一般
47,dna; recombination; transformation; mohammed; genome; alqahtani; gene; genes; transfer; sequence,189,0.0061843526062628,2014.227513227513,0.0846560846560846,41.55026455026455,2,0.1266607617360496,0.3126480096184557,0.0954365732253195,0.2612313088233768,0.0689655172413793,0.1830828573569035,衰退,衰退,一般
121,endoscopy; upper; endoscopic; magnifying; nbi; gi; imaging; diagnostic; gastrointestinal; lesions,98,0.0032067013513955,2015.4489795918369,0.173469387755102,26.418367346938776,0,0.0460584588131089,0.4159595809790273,0.2287003646473396,0.1306531590627098,0.0,0.1810809569381509,一般,一般,一般
93,clarithromycin; therapy; triple; eradication; amoxicillin; mg; rates; resistance; metronidazole; regimen,159,0.0052027093354275,2014.937106918239,0.1383647798742138,28.150943396226417,1,0.1000885739592559,0.3726654127640753,0.1760261257737463,0.1456041312901647,0.0344827586206896,0.1804350388403567,衰退,衰退,一般
42,coronary; atherosclerosis; carotid; cardiovascular; artery; heart; stroke; chd; infarction; risk,214,0.0070023886652923,2014.9859813084115,0.1542056074766355,19.66822429906542,0,0.1488042515500443,0.3767992065348077,0.1997951859471727,0.0724039403449532,0.0,0.1786951391303777,一般,一般,一般
123,glaucoma; serous; csc; chorioretinopathy; poag; central; cscr; aau; retinal; openangle,60,0.0019632865416707,2015.45,0.2166666666666666,20.65,0,0.012400354295837,0.4160458870565997,0.2935176044751563,0.0808760078448463,0.0,0.1765545565874377,一般,一般,一般
69,duodenal; ulcer; perforation; perforated; surgical; peptic; ulcers; laparoscopic; surgery; case,192,0.0062825169333464,2014.5416666666667,0.1875,14.625,2,0.1293179805137289,0.3392190936820333,0.2497532082922013,0.0288842885160165,0.0689655172413793,0.1761851800729341,一般,一般,一般
98,vitamin; b12; deficiency; cobalamin; folate; vitamins; homocysteine; supplementation; serum; levels,108,0.0035339157750073,2014.037037037037,0.1481481481481481,37.22222222222222,2,0.0549158547387068,0.2965375418072593,0.1907060070929764,0.2238831989540204,0.0689655172413793,0.1741697309186907,衰退,衰退,一般
126,tlr4; tolllike; tlr2; tlrs; tlr5; tlr; myd88; lps; receptor; receptors,89,0.0029122083701449,2014.123595505618,0.0898876404494382,53.20224719101124,0,0.0380868024800708,0.3038586532720173,0.1032864891245272,0.3617801239407376,0.0,0.1715656541816033,衰退,衰退,衰退
109,dyspeptic; ethiopia; prevalence; patients; among; aor; seroprevalence; infection; was; study,87,0.0028467654854225,2016.1954022988505,0.1724137931034483,12.264367816091951,0,0.0363153232949512,0.479091980702152,0.2271164516458453,0.0085136120107302,0.0,0.1704340274246662,一般,一般,潜在
148,extragastric; diseases; purpura; manifestations; idiopathic; thrombocytopenic; disorders; studies; neurological; role,71,0.0023232224076437,2014.1830985915487,0.0845070422535211,51.77464788732394,1,0.0221434898139946,0.3088914216624671,0.0952129360566161,0.3494608970010956,0.0344827586206896,0.169907368771798,衰退,衰退,衰退
82,pregnancy; women; pregnant; hyperemesis; gravidarum; hg; preeclampsia; maternal; sperm; gestational,125,0.0040901802951474,2014.976,0.104,28.64,2,0.0699734278122231,0.3759549879084817,0.124461994076999,0.1498243626062322,0.0689655172413793,0.1696490713978595,衰退,衰退,一般
61,vaca; toxin; vacuolating; cytotoxin; vacuolation; cells; mitochondrial; p55; membrane; mitochondria,168,0.0054972023166781,2012.952380952381,0.0773809523809523,46.96428571428572,3,0.108060230292294,0.2047973778824871,0.0845202839279838,0.3079506895370917,0.1034482758620689,0.1642708110152267,衰退,衰退,衰退
66,water; drinking; samples; wastewater; transmission; river; viable; environmental; pcr; contamination,125,0.0040901802951474,2014.56,0.128,29.784,0,0.0699734278122231,0.3407697262088484,0.1604738400789733,0.1596963172804532,0.0,0.1605906982501843,衰退,衰退,一般
10,ulcer; peptic; ulcers; duodenal; bleeding; patients; healing; nsaid; eradication; nsaids,434,0.0142011059847518,2012.2281105990785,0.0852534562211981,21.3963133640553,2,0.3436669619131975,0.1435386232617394,0.0963329254256872,0.0873161928996709,0.0689655172413793,0.1596894167349455,衰退,衰退,衰退
143,hiv; hivpositive; hivinfected; hivnegative; cd4; antiretroviral; immunodeficiency; coinfection; haart; prevalence,51,0.0016687935604201,2015.3529411764705,0.1372549019607843,23.41176470588235,1,0.0044286979627989,0.4078366560322141,0.1743607610862706,0.1047081896606975,0.0344827586206896,0.1585622450715249,衰退,衰退,一般
24,dyspepsia; symptoms; functional; fd; patients; dyspeptic; eradication; symptom; test; with,257,0.008409410686823,2013.63813229572,0.1050583657587548,24.41634241245136,1,0.1868910540301151,0.2627981963349878,0.1260500651069174,0.1133770232148777,0.0344827586206896,0.1580944571347821,衰退,衰退,一般
89,methylation; promoter; dna; cpg; runx3; aberrant; gc; cancer; genes; cihm,117,0.0038284087562579,2014.1880341880344,0.0769230769230769,39.24786324786325,1,0.0628875110717449,0.3093088741960437,0.0838332447414382,0.2413631258695542,0.0344827586206896,0.1566066709626531,衰退,衰退,衰退
36,aspirin; nsaids; lowdose; gi; bleeding; gastrointestinal; nsaid; use; drugs; nonsteroidal,244,0.0079840319361277,2012.094262295082,0.0450819672131147,40.135245901639344,6,0.1753764393268378,0.1322177395978954,0.0360558639328079,0.2490206445205748,0.2068965517241379,0.1559238615883238,衰退,衰退,衰退
154,caga; epithelial; cells; expression; cell; gastric; signaling; oncoprotein; alphapix; protein,66,0.0021596151958378,2013.9848484848485,0.0757575757575757,46.45454545454545,1,0.0177147918511957,0.292123436359002,0.0820844177211403,0.3035519721072128,0.0344827586206896,0.1534845373170942,衰退,衰退,衰退
129,im; metaplasia; intestinal; atrophy; antrum; ag; corpus; gastritis; gastric; eradication,139,0.0045482804882039,2013.812949640288,0.1079136690647482,34.97841726618705,0,0.0823737821080602,0.2775842396481117,0.1303344293962658,0.2045206632689054,0.0,0.1508381405123041,衰退,衰退,一般
35,reflux; gerd; esophagitis; gastroesophageal; symptoms; erosive; nerd; disease; re; esophageal,211,0.0069042243382088,2012.4976303317533,0.0853080568720379,34.47867298578199,4,0.1461470327723649,0.1663345903948873,0.0964148533519226,0.2002082044534684,0.1379310344827586,0.1503974350282544,衰退,衰退,衰退
94,rut; test; rapid; urease; sensitivity; positive; histology; specificity; accuracy; biopsy,102,0.0033375871208402,2014.617647058824,0.196078431372549,13.068627450980392,0,0.049601417183348,0.345645511908169,0.2626250895224822,0.0154538346173073,0.0,0.1496385935288488,一般,一般,一般
106,dcs; dendritic; dc; cells; il; response; maturation; immune; responses; cell,106,0.003468472890285,2013.2830188679245,0.0377358490566037,48.81132075471698,3,0.0531443755535872,0.2327627182339686,0.0250330607759503,0.3238893662860737,0.1034482758620689,0.1495779771153222,衰退,衰退,衰退
40,nickel; urease; metal; binding; nikr; hpnikr; ions; ni; hypa; niii,205,0.0067078956840417,2013.160975609756,0.0536585365853658,39.74146341463415,1,0.1408325952170061,0.2224403048269326,0.0489249512435894,0.2456225650946855,0.0344827586206896,0.1476894004705151,衰退,衰退,衰退
77,cyp2c19; metabolizers; genotype; polymorphism; metabolizer; pm; eradication; rabeprazole; extensive; mdr1,103,0.0033703085632014,2013.7184466019417,0.0970873786407767,37.213592233009706,1,0.0504871567759078,0.2695911768221061,0.1140896500829028,0.2238087279205021,0.0344827586206896,0.146752645396045,衰退,衰退,衰退
130,quadruple; mg; therapy; triple; eradication; group; bismuth; amoxicillin; treatment; days,112,0.003664801544452,2014.892857142857,0.1428571428571428,15.767857142857142,0,0.0584588131089459,0.3689227687088889,0.182766887604005,0.0387463810976558,0.0,0.1460226795058218,衰退,衰退,一般
70,levofloxacin; mg; therapy; triple; levofloxacinbased; eradication; regimen; bid; daily; amoxicillin,160,0.0052354307777886,2013.83125,0.075,31.56875,1,0.1009743135518157,0.2791320832675092,0.0809476801579466,0.1750975157986489,0.0344827586206896,0.1449613759560819,衰退,衰退,衰退
59,mucin; muc1; mucins; muc5ac; mucus; muc6; expression; gastric; tff2; muc2,146,0.0047773305847321,2013.7671232876712,0.0753424657534246,33.34931506849315,1,0.0885739592559787,0.2737082487597616,0.0814615478234999,0.1904626011576222,0.0344827586206896,0.1438041341188503,衰退,衰退,衰退
45,iron; deficiency; anemia; ida; ferritin; children; serum; hemoglobin; id; hepcidin,169,0.0055299237590392,2013.923076923077,0.1005917159763313,24.94674556213018,0,0.1089459698848538,0.286898800381772,0.1193478857690263,0.1179540475616376,0.0,0.1405773720195614,衰退,衰退,一般
135,rdxa; frxa; metronidazole; mutations; resistance; mtz; isolates; mutation; genes; resistant,57,0.0018651222145872,2013.9122807017543,0.175438596491228,25.12280701754386,0,0.0097431355181576,0.2859856564572457,0.2316551497203026,0.119473340138317,0.0,0.139725151559914,一般,一般,一般
151,activation; kinase; nfb; nfkappab; traf1; tak1; hkalpha; phosphorylation; nuclear; cells,72,0.0023559438500049,2013.0972222222224,0.0694444444444444,46.833333333333336,1,0.0230292294065544,0.2170480461139007,0.0726116046945267,0.3068206580954456,0.0344827586206896,0.1353589276713512,衰退,衰退,衰退
133,furazolidone; mg; quadruple; furazolidonebased; eradication; regimen; regimens; furazolidonecontaining; bismuth; amoxicillin,61,0.0019960079840319,2014.622950819672,0.1475409836065573,17.24590163934426,0,0.0132860938883968,0.3460941037674259,0.189794960594242,0.051500916303777,0.0,0.1338352966315477,衰退,衰退,一般
111,stain; biopsies; staining; stains; biopsy; giemsa; ihc; detection; specimens; de,93,0.0030430941395896,2014.5698924731184,0.1397849462365591,15.290322580645162,0,0.04162976085031,0.341606431150009,0.1781570762878281,0.0346255772921221,0.0,0.1338252445790781,衰退,衰退,一般
55,renal; kidney; hemodialysis; transplant; dialysis; esrd; patients; ckd; hd; recipients,126,0.0041229017375085,2014.936507936508,0.1111111111111111,11.27777777777778,0,0.070859167404783,0.3726147509156218,0.1351321706701765,0.0,0.0,0.1330152289856969,衰退,衰退,一般
110,tlr4; tlr2; polymorphisms; tolllike; polymorphism; tlr9; tlr1; receptor; tlr; asp299gly,72,0.0023559438500049,2014.5277777777776,0.0277777777777777,37.81944444444444,0,0.0230292294065544,0.3380443720707992,0.0100910387188768,0.2290368271954674,0.0,0.1326226945807691,衰退,衰退,衰退
41,stool; antigen; hpsa; test; tests; sensitivity; specificity; positive; children; accuracy,203,0.0066424527993193,2012.817733990148,0.1083743842364532,22.655172413793103,1,0.1390611160318866,0.1934089437401072,0.1310257295551913,0.098179304333451,0.0344827586206896,0.1283151516896024,衰退,衰退,一般
120,dnaa; replication; helicase; dna; binding; oric; dnab; domain; protein; chromosome,88,0.0028794869277837,2015.4318181818185,0.0454545454545454,18.59090909090909,0,0.037201062887511,0.4145080696746247,0.0366149151933949,0.0631074308128132,0.0,0.1279329714605895,衰退,衰退,一般
53,barretts; esophagus; be; esophageal; reflux; oesophagus; adenocarcinoma; gerd; eac; gastroesophageal,138,0.0045155590458427,2013.355072463768,0.0942028985507246,29.15217391304348,0,0.0814880425155004,0.2388570082006804,0.1097615062162896,0.1542440808360256,0.0,0.1276389126970215,衰退,衰退,衰退
23,polymorphisms; polymorphism; genotype; allele; il1b; gene; il; risk; association; genetic,330,0.0107980759791891,2012.5454545454545,0.0606060606060606,19.7939393939394,0,0.2515500442869796,0.170379560285869,0.0593496664572676,0.0734887775114403,0.0,0.1252881256779492,衰退,衰退,衰退
26,breath; ubt; test; urea; 13curea; 13cubt; tests; cubt; positive; dob,253,0.0082785249173783,2013.090909090909,0.0830039525691699,15.976284584980236,0,0.1833480956598759,0.2165140817451562,0.092957559629949,0.0405449704870815,0.0,0.1209095554026887,衰退,衰退,衰退
152,proteins; shape; disulfide; protein; structure; helical; domain; hp0231; cell; crystal,105,0.0034357514479238,2014.2,0.0666666666666666,23.580952380952382,0,0.0522586359610274,0.310320942045725,0.0684435669628167,0.1061681661115088,0.0,0.1207774662442649,衰退,衰退,衰退
134,p53; ecadherin; htra; expression; mdm2; cleavage; suppressor; runx3; protein; gastric,83,0.0027158797159778,2013.530120481928,0.072289156626506,32.373493975903614,0,0.0327723649247121,0.2536625618760391,0.0768800770703742,0.1820419179441671,0.0,0.1187166574922672,衰退,衰退,衰退
91,acid; secretion; gastrin; parietal; histamine; gastric; ecl; the; cell; mucosal,127,0.0041556231798697,2012.4724409448816,0.0708661417322834,33.71653543307087,2,0.0717449069973427,0.1642040731613914,0.0747448523524885,0.1936314672367849,0.0689655172413793,0.1175220589681775,衰退,衰退,衰退
32,polymorphisms; polymorphism; genotype; risk; cancer; gc; ci; allele; gastric; or,272,0.0089002323222407,2012.363970588236,0.0367647058823529,28.522058823529413,0,0.2001771479185119,0.1550296551679891,0.0235758666744091,0.1488066091548844,0.0,0.1169687758598327,衰退,衰退,衰退
119,copd; lung; pulmonary; respiratory; obstructive; ipf; bronchitis; chronic; bronchiectasis; osas,72,0.0023559438500049,2014.0,0.125,17.36111111111111,0,0.0230292294065544,0.2934049508439812,0.1559723593287265,0.0524950969710176,0.0,0.1169090087235019,衰退,衰退,一般
64,laryngeal; nasal; tonsillitis; adenoid; tonsillar; tissue; hp; tonsils; polyps; reflux,126,0.0041229017375085,2013.7222222222224,0.1031746031746031,15.357142857142858,0,0.070859167404783,0.2699105186193381,0.1232234914367194,0.0352021915761292,0.0,0.1126005907905111,衰退,衰退,一般
137,bleeding; ulcer; rebleeding; peptic; pub; mortality; ulcers; endoscopic; patients; upper,70,0.0022905009652825,2013.2857142857144,0.0857142857142857,26.84285714285714,1,0.0212577502214348,0.2329906965520473,0.0970243971231138,0.1343162220216044,0.0344827586206896,0.1106885044364025,衰退,衰退,衰退
50,ph; mg; esomeprazole; rabeprazole; intragastric; omeprazole; lansoprazole; pantoprazole; vonoprazan; acid,199,0.0065115670298746,2012.140703517588,0.0954773869346733,25.592964824120603,0,0.1355181576616474,0.1361457361544447,0.1116738678585424,0.1235304874777022,0.0,0.1099233152525548,衰退,衰退,衰退
92,urticaria; cu; csu; chronic; ciu; spontaneous; patients; skin; hp; asst,79,0.0025849939465331,2014.253164556962,0.0632911392405063,19.89873417721519,0,0.0292294065544729,0.3148175979347908,0.0633786097192197,0.0743930863843367,0.0,0.109449994047975,衰退,衰退,衰退
155,mmp; matrix; timp; mmps; mt; metalloproteinases; expression; metalloproteinase; secretion; mmp9,62,0.0020287294263931,2012.4193548387093,0.0967741935483871,34.17741935483871,1,0.0141718334809565,0.1597140526366878,0.1136197178613508,0.1976085871544155,0.0344827586206896,0.1067057457214891,衰退,衰退,衰退
139,fur; iron; sodb; regulator; uptake; ferric; regulation; napa; proteins; protein,80,0.0026177153888943,2012.625,0.075,34.8875,0,0.0301151461470327,0.177107511332019,0.0809476801579466,0.20373610808455,0.0,0.1045656187089459,衰退,衰退,衰退
39,reflux; esophagitis; gerd; gastroesophageal; re; erosive; disease; patients; symptoms; esophageal,192,0.0062825169333464,2012.8802083333333,0.0729166666666666,15.453125,0,0.1293179805137289,0.1986930209383995,0.0778216518591642,0.0360304532577903,0.0,0.1002097629623854,衰退,衰退,衰退
76,pneumoniae; atherosclerosis; chlamydia; coronary; atherosclerotic; cad; infectious; cytomegalovirus; artery; cmv,130,0.0042537875069533,2010.8692307692309,0.0384615384615384,34.792307692307695,2,0.0744021257750221,0.028604627032136,0.0261219530716075,0.2029146621519687,0.0689655172413793,0.0776060700810716,衰退,衰退,衰退
86,ghrelin; leptin; plasma; levels; obestatin; serum; pgml; circulating; body; acylated,95,0.003108537024312,2011.9368421052632,0.0210526315789473,29.431578947368426,0,0.0434012400354295,0.1189031468681383,0.0,0.1566551593627782,0.0,0.0686720744607624,衰退,衰退,衰退
95,itp; platelet; purpura; thrombocytopenic; idiopathic; count; counts; eradication; citp; response,124,0.0040574588527862,2011.3629032258063,0.032258064516129,28.008064516129032,1,0.0690876882196633,0.0703594216919982,0.0168136802216348,0.1443711821396185,0.0344827586206896,0.0686687936625806,衰退,衰退,衰退
56,gerbils; mongolian; gerbil; animals; weeks; infected; gastric; pyloriinfected; inoculation; celecoxib,145,0.0047446091423709,2010.5310344827583,0.0275862068965517,29.0,0,0.0876882196634189,0.0,0.0098035878408278,0.1529309217694486,0.0,0.0514899139925277,衰退,衰退,衰退
