﻿year,macro_name,n_docs,share_in_year
2005,"AI, Digital Health & Multi-omics Frontiers",24,0.015473887814313346
2005,Clinical Management & Therapeutics,717,0.4622823984526112
2005,Gastric Carcinogenesis & Pathology,232,0.14958091553836234
2005,Molecular Pathogenesis & Host-Microbe Interactions,357,0.23017408123791103
2005,Systemic Health & Population Epidemiology,221,0.14248871695680207
2006,"AI, Digital Health & Multi-omics Frontiers",26,0.01875901875901876
2006,Clinical Management & Therapeutics,629,0.4538239538239538
2006,Gastric Carcinogenesis & Pathology,242,0.1746031746031746
2006,Molecular Pathogenesis & Host-Microbe Interactions,287,0.20707070707070707
2006,Systemic Health & Population Epidemiology,202,0.14574314574314573
2007,"AI, Digital Health & Multi-omics Frontiers",26,0.019388516032811335
2007,Clinical Management & Therapeutics,563,0.4198359433258762
2007,Gastric Carcinogenesis & Pathology,219,0.16331096196868009
2007,Molecular Pathogenesis & Host-Microbe Interactions,322,0.2401193139448173
2007,Systemic Health & Population Epidemiology,211,0.15734526472781507
2008,"AI, Digital Health & Multi-omics Frontiers",31,0.025080906148867314
2008,Clinical Management & Therapeutics,477,0.3859223300970874
2008,Gastric Carcinogenesis & Pathology,227,0.1836569579288026
2008,Molecular Pathogenesis & Host-Microbe Interactions,286,0.2313915857605178
2008,Systemic Health & Population Epidemiology,215,0.1739482200647249
2009,"AI, Digital Health & Multi-omics Frontiers",42,0.03129657228017884
2009,Clinical Management & Therapeutics,552,0.4113263785394933
2009,Gastric Carcinogenesis & Pathology,221,0.1646795827123696
2009,Molecular Pathogenesis & Host-Microbe Interactions,321,0.2391952309985097
2009,Systemic Health & Population Epidemiology,206,0.15350223546944858
2010,"AI, Digital Health & Multi-omics Frontiers",48,0.036613272311212815
2010,Clinical Management & Therapeutics,489,0.37299771167048057
2010,Gastric Carcinogenesis & Pathology,221,0.16857360793287568
2010,Molecular Pathogenesis & Host-Microbe Interactions,339,0.2585812356979405
2010,Systemic Health & Population Epidemiology,214,0.16323417238749047
2011,"AI, Digital Health & Multi-omics Frontiers",47,0.03727200634417129
2011,Clinical Management & Therapeutics,499,0.3957176843774782
2011,Gastric Carcinogenesis & Pathology,206,0.1633624107850912
2011,Molecular Pathogenesis & Host-Microbe Interactions,316,0.2505947660586836
2011,Systemic Health & Population Epidemiology,193,0.15305313243457574
2012,"AI, Digital Health & Multi-omics Frontiers",57,0.04115523465703971
2012,Clinical Management & Therapeutics,544,0.3927797833935018
2012,Gastric Carcinogenesis & Pathology,230,0.16606498194945848
2012,Molecular Pathogenesis & Host-Microbe Interactions,346,0.24981949458483754
2012,Systemic Health & Population Epidemiology,208,0.15018050541516245
2013,"AI, Digital Health & Multi-omics Frontiers",52,0.03781818181818182
2013,Clinical Management & Therapeutics,522,0.37963636363636366
2013,Gastric Carcinogenesis & Pathology,239,0.17381818181818182
2013,Molecular Pathogenesis & Host-Microbe Interactions,322,0.23418181818181819
2013,Systemic Health & Population Epidemiology,240,0.17454545454545456
2014,"AI, Digital Health & Multi-omics Frontiers",66,0.04333552199606041
2014,Clinical Management & Therapeutics,598,0.3926460932370322
2014,Gastric Carcinogenesis & Pathology,285,0.1871306631648063
2014,Molecular Pathogenesis & Host-Microbe Interactions,338,0.22193040052527904
2014,Systemic Health & Population Epidemiology,236,0.15495732107682206
2015,"AI, Digital Health & Multi-omics Frontiers",72,0.04918032786885246
2015,Clinical Management & Therapeutics,558,0.38114754098360654
2015,Gastric Carcinogenesis & Pathology,251,0.17144808743169399
2015,Molecular Pathogenesis & Host-Microbe Interactions,337,0.2301912568306011
2015,Systemic Health & Population Epidemiology,246,0.1680327868852459
2016,"AI, Digital Health & Multi-omics Frontiers",89,0.06137931034482759
2016,Clinical Management & Therapeutics,535,0.3689655172413793
2016,Gastric Carcinogenesis & Pathology,262,0.18068965517241378
2016,Molecular Pathogenesis & Host-Microbe Interactions,330,0.22758620689655173
2016,Systemic Health & Population Epidemiology,234,0.16137931034482758
2017,"AI, Digital Health & Multi-omics Frontiers",69,0.05032822757111598
2017,Clinical Management & Therapeutics,520,0.37928519328956967
2017,Gastric Carcinogenesis & Pathology,237,0.17286652078774617
2017,Molecular Pathogenesis & Host-Microbe Interactions,312,0.2275711159737418
2017,Systemic Health & Population Epidemiology,233,0.1699489423778264
2018,"AI, Digital Health & Multi-omics Frontiers",72,0.05466970387243736
2018,Clinical Management & Therapeutics,512,0.38876233864844345
2018,Gastric Carcinogenesis & Pathology,229,0.1738800303720577
2018,Molecular Pathogenesis & Host-Microbe Interactions,276,0.20956719817767655
2018,Systemic Health & Population Epidemiology,228,0.17312072892938496
2019,"AI, Digital Health & Multi-omics Frontiers",100,0.07052186177715092
2019,Clinical Management & Therapeutics,553,0.3899858956276446
2019,Gastric Carcinogenesis & Pathology,245,0.17277856135401976
2019,Molecular Pathogenesis & Host-Microbe Interactions,300,0.21156558533145275
2019,Systemic Health & Population Epidemiology,220,0.15514809590973203
2020,"AI, Digital Health & Multi-omics Frontiers",101,0.06605624591236102
2020,Clinical Management & Therapeutics,611,0.3996075866579464
2020,Gastric Carcinogenesis & Pathology,273,0.17854807063440156
2020,Molecular Pathogenesis & Host-Microbe Interactions,275,0.17985611510791366
2020,Systemic Health & Population Epidemiology,269,0.17593198168737736
2021,"AI, Digital Health & Multi-omics Frontiers",109,0.07133507853403141
2021,Clinical Management & Therapeutics,612,0.4005235602094241
2021,Gastric Carcinogenesis & Pathology,312,0.20418848167539266
2021,Molecular Pathogenesis & Host-Microbe Interactions,266,0.17408376963350786
2021,Systemic Health & Population Epidemiology,229,0.149869109947644
2022,"AI, Digital Health & Multi-omics Frontiers",124,0.07630769230769231
2022,Clinical Management & Therapeutics,679,0.41784615384615387
2022,Gastric Carcinogenesis & Pathology,299,0.184
2022,Molecular Pathogenesis & Host-Microbe Interactions,235,0.14461538461538462
2022,Systemic Health & Population Epidemiology,288,0.17723076923076922
2023,"AI, Digital Health & Multi-omics Frontiers",126,0.07984790874524715
2023,Clinical Management & Therapeutics,672,0.42585551330798477
2023,Gastric Carcinogenesis & Pathology,283,0.17934093789607097
2023,Molecular Pathogenesis & Host-Microbe Interactions,240,0.1520912547528517
2023,Systemic Health & Population Epidemiology,257,0.1628643852978454
2024,"AI, Digital Health & Multi-omics Frontiers",135,0.0805489260143198
2024,Clinical Management & Therapeutics,644,0.38424821002386633
2024,Gastric Carcinogenesis & Pathology,290,0.1730310262529833
2024,Molecular Pathogenesis & Host-Microbe Interactions,294,0.17541766109785203
2024,Systemic Health & Population Epidemiology,313,0.1867541766109785
2025,"AI, Digital Health & Multi-omics Frontiers",175,0.09239704329461457
2025,Clinical Management & Therapeutics,714,0.37697993664202745
2025,Gastric Carcinogenesis & Pathology,369,0.19482576557550157
2025,Molecular Pathogenesis & Host-Microbe Interactions,259,0.13674762407602956
2025,Systemic Health & Population Epidemiology,377,0.19904963041182683
